,Unnamed: 0.1,Unnamed: 0, ,seccion,dias,no,cuenta,nombre,email_institucional,I1.MI,P1.MI,I2.OE,P2.OE,P3.ET,I3.ET,I4.CM,P4.CM,I5.ES,P5.ES,I6.CI
0,0,0,0,900,Vi,1,20141000100,BRAYAN ALDAHIR AGUILERA AVELARES,baguilera@unah.hn,78,15.0,85,15.0,15.0,75,77,12.00,85,15.00,100
1,1,1,1,900,Vi,2,20171031076,NESTOR FERNANDO ESCALANTE TRUJILLO,nfescalante@unah.hn,81,6.0,85,12.0,12.0,79,75,15.00,85,9.00,100
2,2,2,2,900,Vi,3,20171033125,MATILDE LIZETH SANCHEZ FORTIN,matilde.sanchez@unah.hn,78,6.0,85,0.0,0.0,75,77,0,85,9.00,100
3,3,3,3,900,Vi,4,20171034781,FERNANDO ANDRÉ ALMENDAREZ RODRIGUEZ,faalmendarez@unah.hn,0,0.0,85,0.0,0.0,0,0,0,85,0,100
4,4,4,4,900,Vi,5,20181000105,ERLIN ANTONIO IZAGUIRRE APLICANO,erlin.izaguirre@unah.hn,85,6.0,85,15.0,15.0,79,79,9.00,85,9.00,100
5,5,5,5,900,Vi,6,20181032177,LAURA SOFÍA AYALA SALGADO,lsayala@unah.hn,0,9.0,85,9.0,9.0,79,79,15.00,85,0,100
6,6,6,6,900,Vi,7,20201001213,JORGE LUIS GOMEZ NAVARRO,jgomezn@unah.hn,85,9.0,85,12.0,12.0,79,79,15.00,85,9.00,100
7,7,7,7,900,Vi,8,20201003296,JUNIOR IVAN CASTILLO HERNANDEZ,jicastilloh@unah.hn,85,6.0,85,12.0,12.0,79,79,12.00,85,12.00,100
8,8,8,8,900,Vi,9,20201005686,EDSON ENMANUEL SANCHEZ ROMERO,edson.sanchez@unah.hn,78,9.0,85,12.0,12.0,75,77,12.00,85,12.00,100
9,9,9,9,900,Vi,10,20211002386,AMILCAR JOSE MONCADA VASQUEZ,amilcar.moncada@unah.hn,81,15.0,85,12.0,12.0,79,75,12.00,85,12.00,100
10,10,10,10,900,Vi,11,20211020350,ORLANDO JOSUÉ ÁLVAREZ ALVARES,orlando.alvarez@unah.hn,78,12.0,85,9.0,9.0,75,77,0,85,12.00,100
11,11,11,11,900,Vi,12,20211020725,GABRIEL ALBERTO VILLANUEVA BARRIENTOS,gabriel.villanueva@unah.hn,78,12.0,85,15.0,15.0,75,77,"12,00",85,9.00,100
12,12,12,12,900,Vi,13,20211020963,JEREMY JOSUÉ ORTIZ MEJÍA,jeremy.ortiz@unah.hn,81,6.0,85,12.0,12.0,79,75,12.00,85,9.00,100
13,13,13,13,900,Vi,14,20211030990,OSCAR CONRADO SEGURA FLORES,oscar.segura@unah.hn,81,12.0,85,15.0,15.0,79,75,12.00,85,6.00,100
14,14,14,14,900,Vi,15,20221000824,MARÍA FERNANDA MOREL CARBAJAL,maria.morel@unah.hn,81,12.0,85,9.0,9.0,79,75,6.00,85,12.00,100
15,15,15,15,900,Vi,16,20221000983,ANGEL DAVID PADILLA ORDOÑEZ,adpadillao@unah.hn,85,15.0,85,12.0,12.0,79,79,15.00,85,15.00,100
16,16,16,16,900,Vi,17,20221003683,ALEJANDRO GABRIEL BACA CUBAS,alejandro.baca@unah.hn,85,15.0,85,15.0,15.0,79,79,15.00,85,0,100
